-- phpMyAdmin SQL Dump
-- version 5.2.1
-- https://www.phpmyadmin.net/
--
-- Servidor: localhost:3306
-- Tiempo de generación: 02-06-2024 a las 18:56:54
-- Versión del servidor: 10.5.20-MariaDB
-- Versión de PHP: 7.3.33

SET SQL_MODE = "NO_AUTO_VALUE_ON_ZERO";
START TRANSACTION;
SET time_zone = "+00:00";


/*!40101 SET @OLD_CHARACTER_SET_CLIENT=@@CHARACTER_SET_CLIENT */;
/*!40101 SET @OLD_CHARACTER_SET_RESULTS=@@CHARACTER_SET_RESULTS */;
/*!40101 SET @OLD_COLLATION_CONNECTION=@@COLLATION_CONNECTION */;
/*!40101 SET NAMES utf8mb4 */;

--
-- Base de datos: `id21849132_gestorgatos`
--

-- --------------------------------------------------------

--
-- Estructura de tabla para la tabla `Categorias`
--

CREATE TABLE `Categorias` (
  `id_categoria` int(11) NOT NULL,
  `nombre` varchar(100) NOT NULL,
  `color` text NOT NULL,
  `icono` blob DEFAULT NULL,
  `tipo_movimiento` enum('gasto','ingreso') NOT NULL DEFAULT 'gasto'
) ENGINE=InnoDB DEFAULT CHARSET=utf8 COLLATE=utf8_unicode_ci;

--
-- Volcado de datos para la tabla `Categorias`
--

INSERT INTO `Categorias` (`id_categoria`, `nombre`, `color`, `icono`, `tipo_movimiento`) VALUES
(1, 'Casa', '#f39c12', 0x89504e470d0a1a0a0000000d4948445200000040000000400806000000aa6971de0000000473424954080808087c086488000000097048597300000ec400000ec401952b0e1b0000001974455874536f667477617265007777772e696e6b73636170652e6f72679bee3c1a0000050d49444154789ced9b5b681c5518c7ff274993d6145363554cda223529a252e205bc47a52258eb052a510415b18888d257b52282f8e443111f54f2e0a5a815c54b55d458aa462a82b4a5b4a82d55ab8df7c442a3b569dafc7c985d7af69bc9ecec6d264bf70f0b3b73fedf39ffef9bf39ddbec4a0d34705cc365d530d0246995a4264983ceb9a35969491d403bf00ec7b001989bc06e3670d2349f396968af184037b08530b601dd31763702131176794c0277a5e94bc900fa80114ff4dfc0a8773d029c3f8dedcb31cee73154aaa696cadd4a06e00649af4aca77f53d9256489a92f4bea42592ba250d03b73be736982a9abdef1f483a98fbde246965ee7b6afe9404e0de5c17cde34be054afbc13d8e4954f018f9b3a5ef1ca177af7dbbcfb9b5274ab388066e019d34dd713316001adc08b863b08ccca95d7570080b9c07bf6a902b1532fb01a38eae735d051570100ce007678c2fe036e339c56600df028d066ca06723679ec003eaf8b00001701bf79a246817ec3e9043ef53805638257cfef44636606005809fceb09da0df41ace99c0b7114e7d0f9c65b80b08d607333f00c0c304799ec71030cf70fa09cffbfbbceb31e02a63d3017c6c02f098579e6d000872f90523f079a0c5f06ea530afb7038b80d381afbdfb93c07dc6b60578ceb4f152cef9ec0240b0062f367f3b82d1dfef1d1f02277a9c76e06de3e0d3041b26bfaed5c0118fb31958984900805e6097d7f83fc04d86d306ac8b70ac39a2be7ca07cbc81593310ec09c63dceded403005c0afce935fc2b70a1e19c4ce1d47504782041ddf700873dbbaf80d30c6729f01361d43e00c09d14eeca42bb38a087c2de7100b8be84369601fb3dfb1f80b30da78bf0ae72b85a7e46892a9acb39dee5c05f1e671fd057467b36c50e00cb0d27d1d85131080e22d69b86d6627219b8dbf48e50f72db15d9b4693c0fd86d3043c65b4bd099c506ebb512286bdca43b94cf4005615114c3f90da19c28e1ddb80059536de4bb09acb631c93cb3981fe46255260853aa2d2ef2d1b60e01a0ac78e11e0bc721bb595857219980f7ce17126a8e1b114e1c554e829131e3bc68115a536b48ae253d139c08f1e670cb8ba0a7e16d37609f047dc53267a0a7e3049e5897239a277ecc16c646a096031f04ddc53267aec082dd17d83a4cb513bd86c064ea9a1bfd3e9b5cbf0b8c13976ea16e10d492897a7e91daf01b353f03712049ba467231e9a9d9eed01cb766051bed01e558f02579a0a6cef9802d6a4e86b2c8087cc537e1768371cbb401b01fa04fcecdd8c3ac0b0bde3103090ae8bc501dc629ef216a0cb707a80ef3cce5e015b73179f019dc6e05c0a775b003bd3752d39725ddbc72fc00586e38f1d5bf3272efd84f36619c1fadba29e0200c10c71ade1350357001d7195f9d3cc275e30ea210007808d9efe5dd3d9c42d578724216950d272499355d65b4b1c96749d02ed92f45159b5e02d8008567af5d20346bd7bb1d374ec86c5397730aebc1ee09c3b14575edd83833a442300590bc81a35fd4101d02ae975494bcbac62a7a401e7dc44f55415a2d6bfa8b858d2cd15d82f967499a49a1d77d73a00fe6beffdb94f12cc93945f96b7c5112b459abfa959eb9c7b2209117844d29335d623a931083602d00840d602b2462300590bc81a8d00642d206b340290b580acd10840d602b2c6711f8072768373ecdb9618f8afd9ba4ab0f35f69f5946057f21fa712ff6d0e18d3b13dfa4cc798736e7e126229293052a6982c90586b293d6089a43b24cd2a47518a9894b4ce39b73b6b210d345007f81f44921f7ebc5dc1620000000049454e44ae426082, 'gasto'),
(2, 'Compra', '#8e44ad', 0x89504e470d0a1a0a0000000d4948445200000020000000200806000000737a7af40000000473424954080808087c086488000000097048597300000ec400000ec401952b0e1b0000001974455874536f667477617265007777772e696e6b73636170652e6f72679bee3c1a00000365494441545885cd975d88565514869fe5679f19154c984d448113955444350d35174e59376992504c146149d14d101198d58d24145648d04d5dd46de05517121518fd8ce30f0a52443aa09160696a614252495f4f17677f713ab3cff7333342efd5d96bafbdd6bbdfb57fce0e66017521b00a18027e023e8c885f327e4b80d5c011e08388b0dd376f16c9478129602d3000dc0b4ca96b2a7ecb81ddc0d5c08bc01be5fea8097e13b0a243fef381a781b511f17169dc52601bf068444ca4e45b80f1d4be0c988a8881f698f935091e04ee067664fa468161602530a9b622a201101153ea3ae025b5514e9ec6de4a51aace5037aa1b32f6e5ea71752cb5e7a9ad8acf25eaef65bf641fa9da3a29d00486d5174ab6b6ec0f01770013b981c0cd408bd2cc5349b7024fa4520c46445e89d22ccfa89fabafa95faabfa963e5595715a82a946cd7a93faae3a97d796a5f9f4b7e573b4029d8ba3ad92bdfb9e44bd423ea33a9dd503fcb951735d45f2b01d69766be51dd5053f75cf22bd443ea17a96f758ab14d9dbefdbbc9592210eaa62ec917abfbd5e7537b443da6b6d437d5f51d09d404fd7767a88bd4f792cfe98adf80fa95fa7225fe53ead1b4a63651459b402e794581a6ba27055a54f1b948ddad6ecec41f544f4e4b5c21f0772e79c56f55aae3b5ea77eab7ea55eac254ef77d469276c52ed44d51ea9730c789d627ff782578053c00d14e7c32ee062e0d51ec69e05f602cf45c45e12fb93ea7dea79dd4627053e5587d2ecbf51afb4382b56f630bea9deaffea00ea23eabbedd03f3768005ead7eae624eba5ea5bea3eb5d9479c77d527fbbe8e23e24f8aab77317000d84f21ff8a8838db67b846bb04277a2dc16c512ac1518beb19d465eaceb40bce355aeaa43a9c63b74bbdf31ccefe1e757bd9565d031340f5006aeff783ead04ced09cb808e04b627a732c629eef24fd2f74ced5902d51f921dc0fbeafc88f82bd99a14874e035850f2edcb9e16f808b0b39cf03f0a44c429e030700b738fdb80831171ba964042ae0c738169f2ff6f094c0063e6fe5a6688146b1498ec4a20228e512ca2a5734500b811f839228e772590503e0f0e533c541e00be2ff9f463cfca5f0b758dba357d37d4c7d5c7ca65e9c7ae7ea43e92cb55f736bc00d84371d3ed03ccf9f580a0d87ed700b747c41f3d1148242e041ea678d5d6fa7581c021604b449cc939fc0327f9ffdea48dc98b0000000049454e44ae426082, 'gasto'),
(3, 'Trabajo', '#3498db', 0x89504e470d0a1a0a0000000d4948445200000020000000200806000000737a7af40000000473424954080808087c086488000000097048597300000ec400000ec401952b0e1b0000001974455874536f667477617265007777772e696e6b73636170652e6f72679bee3c1a000002a7494441545885ed965d888e6918c77f97af59c96c6fcb8a24a96d8fb68caf2421299a39221269289a14632907e6006d5b3e0e718043112172e0b376cf90f5b11cb21bca4c84215fa911fd1cbcf7d413cfccfbf2bce3c8bfaeeee7b9eeff7d5dfffbb9eeeee782efa801d416f5857a49fd29e31fa65e563bd596be14f052fd4d3da2aecff8d7ab87d3dcf3bcb5030a269e00cc06ea81466018d0a4d625ca9c343602257523f07744dcec8ed1af40f206e00c3022b94ac08d64a564839395809d897b4e1dffb579b302dad46de9f94e0f9c5675ed27beed6a5bf77b9112d401ef0022e2d73c4244ecc97177a5b5408112246cb57afc9f17a0a8803fa27afcd2170272a136a94dd5706b2e405d0e1c014eab272bf10bdd033d6035d01c11a7aa21f74509f60107d5d7ea8a6f2e20220e44c4506039b0b212bfe62548759f0fbc02d67c730111b1409d0bf48f88b395f8454ad00e4ccafc78b2222ee4254fdcc9c083cfa2a9e7d5e7c99eaabb7acbaed6a9c7d5ae2fb80dbbd46379a2498452b2e1eaed9c006fd56bea2ab5b6e5534de32135b734ea0fea2cf52ff5ba3ae52bf2e4973d23a03e8d8bd581bd046a563bd487eadd8cdd501b33bc51ea4af584e5cea9535dd4a380ccfb7d756c85dd843a5a1d97b1d9ea137587fa6f4a78585d66b9479caa3eea8e51a88e1121d0f189fb9efa10180ab4025722e24346f474e04d6101ea64a02167aa011808fc1e11ef13378079401b301268ae56c012f5327031bb8b8491c0c49c35f7811911f13e1db885c026ca77ce0ee0784e2c50df59eeef5bd47596ef82fdea3fea2d756605b1d95883d2c1fb4fbd68b93f884a8b96a684fbd5ddeab4ccdcc274288faa637a893144dda0b6abe7d419d58aae665783d52de9cbec55a7a9f5ea8fea9474ea1f27917967a366427e5637ab57d557ea33f5a6faa79adbf77d476ff80823b5b16938fb39ba0000000049454e44ae426082, 'ingreso'),
(4, 'Venta', '#e67e22', 0x89504e470d0a1a0a0000000d4948445200000020000000200806000000737a7af40000000473424954080808087c086488000000097048597300000ec400000ec401952b0e1b0000001974455874536f667477617265007777772e696e6b73636170652e6f72679bee3c1a000003eb494441545885ad975ba855551486bfa1c7340ab3224542cd12d37aaa9e32cc0c252a483494c08a9ec48a2053d08a1ee2740295c04e17457a312f6117252c8ab2b28832c9b43431538b32c96e9676a3d2af8735362dd7d9679fbdf34c589bb9c61c63fedf1c7bae35c7824a5307a9efaa9d6a54c7ff6f5387abbbd4b98d9c06a95bd4b5eaa7ea13bd0191e2fbd5a5ea41755e3da733d4cd29dea60e5677a8cbd53e27213e4cddab2ecafbd1ea37ea7ddd8a97ec2705515af94315fb859989b9e5b4af52fbd6996488bab3d5bfa32caece535f50c794c697aa3bc90db7b626ae86fa8a3a539daa9ed92a4445fc02f5377585fa6c8e77a8fbd4e1a84b72c30d294d30533da66e5767b492898af8cd797dabdea0de72827869c58f9721d429ea27ea29ea34b55d1d9a7ba22184ba5e7d34fbb7a7ff01f59a2ee2a5a01320725f7ca6feae6e55d7a91fa46f4308f575757af6dbd4d999d1fae20d204ecd740e57a7ab074bbe3588ce4600255b63f10610a1be9c29fc599d58f21da91eef06e091849e6ef146ed59bc02d1a9ee568796ec57a9e7a817a97df2e9b04efcbc84a85deb9b166f0262ac451b570f401da88e6d49ac1588b48d53fb76037085fa62af0094046b7b62648ad6ae917500faa9037b0da004b1443d6ed776a8e23b49fdb095f97bedbc6fb6a9a701b381366a3f4d064e016e03ee04b602fd5bd45e1a11f703338159c026c0a601808dc016e07b60404eb4bbc9d815c0d7d9bf15e88888a7a185bf409d044c8b883bd467808f2262b17a1e30aa4ec8df11f1b67a3af01d303ac1b7014323e25768e12f0076003f65ff258a342e06260077d5f13f025c0d5c077c1c1107d40781753571e82603ea08a03d896b6d4344acccf1b38083c0b911f16366a15a31fd101147d4d509bf10d80bcc8a8837ba0548f1b7805781ed691e0ff48f881925bf77806511b146dd0f0caa4c350758031c02c60183f37e44441cabb7f05a31b14f5d58b1cf32ab99926dbebaa6ee44fff94c56f764ff29f5e1aa4fb9001d962b7f1e782f5fa91d11b1a59bf937000bd4f90d182603ebd501c08dc0e57501f2b4da04ac0616019b815f807b81a9c025c09fe5c088d8a53e069cdf00e0736079ceb12722ba3cb66db9f23781e722e201f50b6017b00758a9b603d70213cb81ea65149b6b470300804b295e5e2beb0db6516cb6d722a296ca8dc034a093226d37015746c45795d8f1c0f5d99f40f192faa334de2fed1b81c3141bb06b53e7587c248ca9d89b2aa3f2b03aac8eaad8cfce03abe70f1af56e8bd2f9e2bc6f57bfcce7bba7d83509b04d3d256d7dd4f7d3bea147800cba2733b1ac999597e28ee6317cb496058ba2f52f75bcfa8fdaaf59883916df82c39a0a2862165814acab2c95e9ea9309d5d128fe5ffd16c0e80eb292a80000000049454e44ae426082, 'ingreso'),
(5, 'Educación', '#1abc9c', 0x89504e470d0a1a0a0000000d4948445200000020000000200806000000737a7af40000000473424954080808087c086488000000097048597300000ec400000ec401952b0e1b0000001974455874536f667477617265007777772e696e6b73636170652e6f72679bee3c1a000002ea494441545885bd964f88557514c73f67783e887462ca41486a9099a1b07f5a218950418b2037b698295db4127361842544b469572d5a046a6451d0a245b4d0a216d59451d0662c109c954641981622691665fa6971cfb31fe338f3ee7dcf39f0e372cfef9cf3fdfeceef9c736fd050d436b0295ff747c43f4d63d5051e575f514fa89fe73a91baf1ab05da5627d4cfd453ea1bea6dc5fe98fab27a529d56b7a9d7f403b856e08588760bda75107569127b511de9857ce334aaf7a8afa9bf25e9892cd0ae0e34d0555ae691883814114f033701fb806dc02f09b4b676c064fc983ad5b4bad551f53d2b39abfea93e5966a6db40e319a4d37293f30549f293456baa6e4a327fd5022f82dab40d55cb388d09cc7aef7a10757cd5cd7990c77b2650e83be9bee2b524e8887a3cebeaa47a7369d3aacd282567fffb5d9a0b5c042e5c1667414f352216b49bcf57fd161804ce44c4fad2e6b20ca86b800dc0d242b72422ced7046fe7f339e056e001606ab6dd40e130a0be0e7c0cdc090ce5fa04f842bdab06f81ae0cbf45d05fc1b1187736fc59c04801dc0ddc03a601a389deb6b6005f09d7a507d465da70eab4b720da7ee59f52be010309cbe178099c498015697042eddad3a036c055ea02a98235738e010b0161801ae4bddefc04fc0f749ba94fb806554053b09bc1311bbe74adbdfea32f5dcec34f522eac61c52e67363b95f16e18fc01dc041e02df59b7e91e0ffacec8e889fcb8df20a76004f008f028f00a37d2400551bde1f11b797ca32037b8087a80af023e0589f09b481b16c4ba8eaecc3005057026f537dd3a780737d069f4b0681875bea2055cfee053ea0fad5be761108b4015bc0f35485379deb53e0f82210d8098cb68009600bf026b03d22f6f71ab9b8e77925227e680137500d9151e040afe029435d5be6cfc42af58c3a9cba46528761c73ed477a9eefd5ee016e0a988385a275813b9f4995737a8c7d41b7354feda34030de4a50e9b5dea51ab7fb7e557fbf48939a6fe518ee207815dc07ae0fa45e0701e78f53fac3686585123dad80000000049454e44ae426082, 'gasto'),
(6, 'Salud', '#e74c3c', 0x89504e470d0a1a0a0000000d4948445200000020000000200806000000737a7af40000000473424954080808087c086488000000097048597300000ec400000ec401952b0e1b0000001974455874536f667477617265007777772e696e6b73636170652e6f72679bee3c1a0000034b494441545885ed965b88955514c7cf34d3a04d99961a6860772284498620610aea21cdb272186122ba4c044511d443e3d45b37c887825ea424b30bf45024dabc2542be040979210b2ae88ee9647473464dd7efd7c3ac63c7cff39d99d3ccf4521b3687fdedb5d6ffbfd7f5542affaf71967a5613b2edea8cc902ce56d7083b845141e14f618f114fabe715e4af35e24d615fca2afc2cbcabdea6b634037ebb7050f82ac156a85dea32f50961af70487d489d236c168e0b9bd47bd46e75a9da67c446e188f0a17ac144c01f138ea9836a7b89cc69eafdc261e15761b7dad9c0e6f9c2fbc24fea158dc06f4df09e0938aaa2761bb14e3d7b02b26dc23bc23775f3499d217c67c4331301ff274bed10be30e2857a97f709c3ea99d3452071fa843f4ef19a3064c44be328df240c4d9240bbf09bbaaa48e05bf5ce86ca116f09aa1736093ad78867855dc28f5915ef9de405e1b0babc8191d62c4dd4479b00bf5a18163ecdcaea530785cf84fdea922a81efd57b1b185a2a44369bed13045f201c3462bdda56b593bf6d46ac170ea8f32bc22623de283516f194b043bd4638aece1d9740c48bc2c76a6b822ecc102ecc73abb0cb88b515f50ee1887aa57ad1291b761af1642a0dabfd352f6d57e7e49e7de23b7cad3e9032b3d4ce24d0a9cecaef0f0a7bc742f0770fafb751bbf2651b84cd275c59d4d54792c051f50675455d9b7aa3ba4c18ada8e7aaab13a8bf8e1716d4bcf81661543d43bd2ebb6777ce8b2e756612d8a7deadb6a94bd49509bc32cf6d6abff0436ddc5e49c593a65d21b966e6305a9571de569203af095b6bf4162581453561da66c4abb5c63b844f84add5e4a96b7c2c695fcfdefe7009d1cbb3bc07f2dc92de6dc9f39af4e46545c54b8561235eb6648eab776543a1f64575e47a6b1a4f4f86a847184a72bd658a5dc2ef463c57727f8e704cd859065e23bb3827e14826e088f0b6ba783cc5ebb33407eadec396465dd188b5eabc82cd71477791444f66f9e34d298ee90e340d5862a857386ac4f3653951233b5ff8405d3d69e082e1e5c288111bab7dbd8ecc25c297c24745d74f1589eefca7bb45ed28dc5d251cc86cef28b33115242e163e17f654cb2f4374c8880d65de996a12f384edc27e23d6e5741c9c76e00289d313fc17f5e67f15bc4064fa5dfe9f587f0152cdb84d8276e8650000000049454e44ae426082, 'gasto'),
(7, 'Viaje', '#3498db', 0x89504e470d0a1a0a0000000d4948445200000020000000200806000000737a7af40000000473424954080808087c086488000000097048597300000ec400000ec401952b0e1b0000001974455874536f667477617265007777772e696e6b73636170652e6f72679bee3c1a00000301494441545885ed97dd8b955514879f357366508714a182ba114944884149d049eca24951b0a2a208bd0a84b0ab51cc2efa0364eaaabcf14a692e4a1aa12e145406a20f322808a39840f3233ff0624c333fc6663a3e5dec3dd1bc9df7f59cb18337fe607378f75a7badb57f7bafb5d781fbb8c788992e549f029634b0f127f055449c6a5b00eafbc01bc0b906e22ee061e08588383c13fb7772dea3fea5aeafd0d9ad1e69c65ec70c62980f7402bf54e89c001e6cc658ad4ca0f600dd0d44f3a67ed5f925cb67039d15f21b113151e67895faa37adbf661523da43e1405e7f38053c03030044c96ece011e062890c127373814b25f2b9c03bc085e2ee9f5627d4ae0ae3ff0bd467d55bc53b3007988888b29d178d74020bf2e7784454b152c44da06b2659f06fbc0c9ccce3acdad7aa81bb0de04ba00e3c0f7c080ca973da1280ba5afd581d56070032e59f011b8001601630d84a0045271bd4eb25b2d773fa7ca0d6d55579fe35f537b55b7d2657c9fe267cf5abf55602589c73f83175483daf7ea18ee6f9b5596f5721e72fabfbd5258d02a8e58f85c032600550535f2909fc0af022b01dd8467af9ae027f00df649d37814f49e51a52e9de0c1c533745c427c59d6d54c7d52bea355305bc5c3226d5037760b7117b8bd4d3eabe2203a867d4b7f364d511cc566fa9ebf2598fa967d59fd4afd5deacf7b8ba2f5fd661752417b711754131801aa9ac7ed7c446fa48b4fe40a2fb481e4b49475257bb818f80f1ac07a9b4bf1b11238d8cd680ef812dea556011e54dcaf2ac7f1138036c8988ebea62e058448caa3b49cd486f4494bd03d3a1f69a5ebf29d44bf41ec8d4af511fcd73a19e5477a84fe63bf25c937ea7a76176f06ad91d2831d297837e4f3da1ee6d616dbf5affa71246c435a069e7191dc0b7c06ae038b0b5c5f5ffe988eab4509e23e228b0b255a7191dc0eda2b39f81595355ad5d5083f4808d4e6320227e55078143ea79122355d819117bd483c05bc018f039e951aa424f1e2f354c397529f004a9c7afc248449c56d7004749a57913a929adc2efa43f2fad3430f7d11efc0deee5adca639b28500000000049454e44ae426082, 'gasto'),
(8, 'Otro', '#2ecc71', 0x89504e470d0a1a0a0000000d4948445200000020000000200806000000737a7af40000000473424954080808087c086488000000097048597300000ec400000ec401952b0e1b0000001974455874536f667477617265007777772e696e6b73636170652e6f72679bee3c1a000003df494441545885ed966d68165414c7ffe7f19973ebd94c372b1f370d41ca850e0722491845b582d09811445a385f828a5eec4b647dc9126c50d94ad45964226ab00f0a13359af66e2111f9321167cc5edcb0dc87080c47bf3edcf3c0e5fae8924dea83e7d33de7feefb9e7ed9e73a5abf41f930de5307083a40992ce49ea36b373c362d520979600cf00c780e3c0c7c0d7401fb005987c252fcf0307810f8129c9de286021d00d2cba129757024780c583e0ae73231f1d6e035a8155896c96a7e311e0da489e074e02d583e9bda0088152490d92c649fa5dd2f792464a3a22698a99fd0998a436c7ed94345ed2dd921e32b383aee745494d924a25554bfa4dd27e496f995977310f2b8137815e602fb01dd805fc0aec073e88b08b800e6044249be38599717e32f00b300da800a6034f7be1de985e5e037401af0295c95e05d00e3c1fc93a80db8b38f12930c3d706f4170b3b9005ee93a42c9095b443d22a33db9c82cdec0fe03349357e78a4a47a49878be81e9034c2cf016480c724d529a470ab999d776c2b305f4033b02d09e501e02cf01dd0088cf5f06e01be05de2ee2d574e047a0c4f95ae06f6083a76c33f02550e6fbcdc04601fb805b5d38d595cc76be013801cc0472aee858727129b01cf809b823922f07d624d88dc093beae064e0a381359dd5200448716006d117f362ab45ae028d006e4234c15d0034c4a74cd03de8ff8feaca46c94974a497d4974cf481a1df1e7156a6740a176569ad9d648694e52bba41633eb4974cd90d4e3b872497fc9abbfd6854f00ab13abdb81a5be1e039cf2f5fd4047826df488ac48e47942c3ea06ae8fceefc848da2da9d9b1e315265be1e0b3927292de735189a495be9e29694f845d2fe90549cbccec35973de035d329e9264973ccaccf5fd2cb92d617f2f51570daabb4ca0f97119a50b5f36381fae8c2b5c0c3117f1c1817f10b801f8069493432fe323e52b25196f0b3815d11bf8f68ca01cf01effa7a12a1eb158ab3cc5fc5c444e72c7776677adf0504dc16e7d8bda98bf87237eaa847aa29da9b076c8ff877082dfe0061700dfe11722f7a816b9c7f03682e82ab2912bdc781165fdf4c18e397f6f82246b4123a581361bcde12ed6580d7819f3dac717d4c2034b435c021423bbe7c2274b997804dc05d84b951d85b48989615c0bd405772360f2cc1bbec9088d0e7bb085d731d61d2ad06964598d39eb689841f513fa1878c1a0e03f600730963f413f7f84ecf6d23f00ad0e9d80dc0536ee4a6d8c86294f99736e424f599d980426bce9959a7a4159296482a97f4a0632b24f59a198e2dbf7c971302eef177fd0df039e1db76316c03700af8c20bb06ac806b8e231401dd137ec12d81c508f4fd9abf4bfa67f003833512d9df7d8310000000049454e44ae426082, 'gasto'),
(9, 'Otro', '#2ecc71', 0x89504e470d0a1a0a0000000d4948445200000020000000200806000000737a7af40000000473424954080808087c086488000000097048597300000ec400000ec401952b0e1b0000001974455874536f667477617265007777772e696e6b73636170652e6f72679bee3c1a000003df494441545885ed966d68165414c7ffe7f19973ebd94c372b1f370d41ca850e0722491845b582d09811445a385f828a5eec4b647dc9126c50d94ad45964226ab00f0a13359af66e2111f9321167cc5edcb0dc87080c47bf3edcf3c0e5fae8924dea83e7d33de7feefb9e7ed9e73a5abf41f930de5307083a40992ce49ea36b373c362d520979600cf00c780e3c0c7c0d7401fb005987c252fcf0307810f8129c9de286021d00d2cba129757024780c583e0ae73231f1d6e035a8155896c96a7e311e0da489e074e02d583e9bda0088152490d92c649fa5dd2f792464a3a22698a99fd0998a436c7ed94345ed2dd921e32b383aee745494d924a25554bfa4dd27e496f995977310f2b8137815e602fb01dd805fc0aec073e88b08b800e6044249be38599717e32f00b300da800a6034f7be1de985e5e037401af0295c95e05d00e3c1fc93a80db8b38f12930c3d706f4170b3b9005ee93a42c9095b443d22a33db9c82cdec0fe03349357e78a4a47a49878be81e9034c2cf016480c724d529a470ab999d776c2b305f4033b02d09e501e02cf01dd0088cf5f06e01be05de2ee2d574e047a0c4f95ae06f6083a76c33f02550e6fbcdc04601fb805b5d38d595cc76be013801cc0472aee858727129b01cf809b823922f07d624d88dc093beae064e0a381359dd5200448716006d117f362ab45ae028d006e4234c15d0034c4a74cd03de8ff8feaca46c94974a497d4974cf481a1df1e7156a6740a176569ad9d648694e52bba41633eb4974cd90d4e3b872497fc9abbfd6854f00ab13abdb81a5be1e039cf2f5fd4047826df488ac48e47942c3ea06ae8fceefc848da2da9d9b1e315265be1e0b3927292de735189a495be9e29694f845d2fe90549cbccec35973de035d329e9264973ccaccf5fd2cb92d617f2f51570daabb4ca0f97119a50b5f36381fae8c2b5c0c3117f1c1817f10b801f8069493432fe323e52b25196f0b3815d11bf8f68ca01cf01effa7a12a1eb158ab3cc5fc5c444e72c7776677adf0504dc16e7d8bda98bf87237eaa847aa29da9b076c8ff877082dfe0061700dfe11722f7a816b9c7f03682e82ab2912bdc781165fdf4c18e397f6f82246b4123a581361bcde12ed6580d7819f3dac717d4c2034b435c021423bbe7c2274b997804dc05d84b951d85b48989615c0bd405772360f2cc1bbec9088d0e7bb085d731d61d2ad06964598d39eb689841f513fa1878c1a0e03f600730963f413f7f84ecf6d23f00ad0e9d80dc0536ee4a6d8c86294f99736e424f599d980426bce9959a7a4159296482a97f4a0632b24f59a198e2dbf7c971302eef177fd0df039e1db76316c03700af8c20bb06ac806b8e231401dd137ec12d81c508f4fd9abf4bfa67f003833512d9df7d8310000000049454e44ae426082, 'ingreso');

-- --------------------------------------------------------

--
-- Estructura de tabla para la tabla `Cuentas`
--

CREATE TABLE `Cuentas` (
  `id_cuenta` int(11) NOT NULL,
  `id_usuario` int(11) NOT NULL,
  `nombre` varchar(100) NOT NULL,
  `icono` blob DEFAULT NULL,
  `saldo` double(10,2) NOT NULL,
  `divisa_id` int(11) DEFAULT NULL
) ENGINE=InnoDB DEFAULT CHARSET=utf8 COLLATE=utf8_unicode_ci;

--
-- Volcado de datos para la tabla `Cuentas`
--

INSERT INTO `Cuentas` (`id_cuenta`, `id_usuario`, `nombre`, `icono`, `saldo`, `divisa_id`) VALUES
(1, 1, 'Juanjo', NULL, 200.00, 1),
(3, 1, 'ddd', NULL, 23.00, 1),
(4, 1, 'ddd', NULL, 23.00, 1),
(11, 1, 'aa34', NULL, 1.00, 1),
(13, 1, 'Felipe', NULL, 34.00, 1),
(14, 2, 'aa34', NULL, 45.00, 2),
(15, 2, 'aa34', NULL, 45.00, 2),
(16, 2, 'aa34', NULL, 45.00, 2),
(17, 2, 'aa34', NULL, 45.00, 2),
(19, 1, 'frey', NULL, 34.00, 1),
(20, 1, 'pooo', NULL, 45.80, 1),
(21, 1, 'ffff', NULL, 0.66, 1),
(23, 1, 'feo3', NULL, 12.85, 1),
(24, 1, 'feo35', NULL, 12.85, 1),
(25, 1, 'fd', NULL, 45.99, 1),
(26, 1, 'thy', NULL, 56.00, 1),
(27, 1, 'ggh', NULL, 4.00, 1),
(28, 1, 'fgf', NULL, 34.00, 1),
(29, 1, 'rrrrrr', NULL, 45.00, 1),
(31, 1, 'Cuenta inversiones', NULL, 3000.56, 2),
(36, 12, 'Prueba', NULL, 23.90, 2),
(37, 1, 'vvvvvv', NULL, 12.00, 1),
(38, 13, 'Jose', NULL, 100.00, 2),
(39, 1, 'sssssf', NULL, 16.00, 1),
(40, 1, 'ff', NULL, 45.00, 1),
(41, 1, 'Manu', NULL, 3.09, 2),
(42, 24, 'Inversion', NULL, 12.60, 1),
(43, 1, 'Meri', NULL, 23.44, 1),
(44, 25, 'jOS', NULL, 34.00, 1),
(45, 25, 'sss', NULL, 234.09, 1);

-- --------------------------------------------------------

--
-- Estructura de tabla para la tabla `divisas`
--

CREATE TABLE `divisas` (
  `id` int(11) NOT NULL,
  `nombre` varchar(100) NOT NULL,
  `foto` blob DEFAULT NULL,
  `simbolo` varchar(10) NOT NULL
) ENGINE=InnoDB DEFAULT CHARSET=utf8 COLLATE=utf8_unicode_ci;

--
-- Volcado de datos para la tabla `divisas`
--

INSERT INTO `divisas` (`id`, `nombre`, `foto`, `simbolo`) VALUES
(1, 'Euro', 0x89504e470d0a1a0a0000000d4948445200000168000000bd04030000006c4fface0000001b504c5445eeeeeeffffff0000005d5d5d363636171717aeaeae7d7d7dcfcfcf5a66df73000006214944415478daed9dcd771a3710c0574953fb283d13bcc754b0d063c149f1d1c618fb686f62c7c72c798d7b2ce03e7c34f4b5fdb76b3e6c5869c44acba29153cdcb659f35f0cba0d56a663533019b0b0de652ece5eeedf0f48a5f754e46bf93023f39d8163461e16d9b2f256a3db80efd887c177341cec64e4313f66f2c313fcaaf0e43b3f04f0e4b25618e42b3729bab24ba674e42b39d98af9143e622f43e5f2f5de61ef47e9c013db7b553d0e54ce639b54bd0619b6b489f3a053dd061e651421d82fe9beb4985b803bdcf75e5da1968dad686e6fd4da017f2f4736d72c97afaccbc3adef87b0b81dee32672cd9c806e1b414fd73d7ce83766ccbccef0a1436e2a47141d7a620c5d25d8d0656e2e171419ba97033a22b8d0790c3d35352a742f17744430a1439e4f8e1822f424277415119a2add95e8a4351a1d9c2aa91b78d02505d2c9fd62e8ee30563d16d1a09bf06f7f3fdd4d2e06abe237499eef2d623f0deffdcfc8ea60c6fe0247fd4c719c0078bdebca7e4d0c3f60703c17384c200f06c30b0d8a025d82c348c060681ed571a007f05e191afc1aa01e634087900348158381e97f4c11a04b0a4f0a1c0c38ec750c687976dc30a398ead83e74087a2426ebe325b50e5d522c622add3086e68765e81ee865ab75c90fd2ff925887960c97d0f5baf2bdd8b00dbd0f3f2cd6e8caa6ae51cbd0afc0e56eadae64eaaa6de8a634a3b35f8d4ab1a8c46ed43494978e6c5dc9d139b6eb049424a74f475774296b56a1c92457d0488c924476a1dbd2ecd4d26d423b3d5bd021b0dee9e8a66755f487554bef01db4c1ddd94b313f5ad7ae3d2941eebea0e565f2ada0d219001f034d4d25dce8f6a6239ee4162c009d1d2a569669bd0656811d0d31d3c3966d6234cc2a3a542f575dfa4982d428bf7e13b03e8d98f5419db8f9a8af761df44b73d65467813203c0f17112e4dddde94d9c63b97e7b7e060c4a3c6d68b703fd449eef788461bd9b0359a496b38fb7727acd2a3d45f47c2655f38b2402c1d9d28f30de41dd259d38da07f7a89d0ded2ded2ded2ded2ded2ded2ded2ded28651d3cd2c6de08c15e90478680feda13db487f6d01efae54247574b49235d65ca4d80034d562390a9906985650a41824e5d4ad005a6cc6cebac693a385da1dbcb9b2ff0e844facdd68b84ae7be8ad41536f690ffdbdad1e6d0fbd75e87c7b0f2ce8f0536729e95d5e27538e7c00d2877a7dd4d43bb61eda437b680feda13db487f6d0ff2768ef0478680feda13df47714ac090f52f25ec8cd39582b0d2127002500699c7d91fea8521d21d43bbd8c85a45313dd09ff8c033d802afd68eab639af130c6821d3fdd2f49e9ee5e7d8862e8989eedabae4edfcde7da2b6082d2e81fa49424fb96ad3fcad2d474dc54bba79e6e722bbcfd6d10920c7b6a60dbdb75294c736f4442e2fa2a7bb52ca6496656b11ba98bcf129b54d683143ffb326b490a19fe0d64218ebe90e306b21905e215527b85d4b8bf53d2a5af53d5ea1d6f7c8574945aa287469175a9ad4750d68a9de5462197a220164eb36a59a31960b574ae5bd9f5d01a52ea462175aaea59864e936a5fbc036b4b8fd589a5aa52b575023d6a16586fe5a5db9b4589d59af6b2ad7cbabacebd802346db8a02e54263ca76a5da0326112d8877e0b6050a56e53fe6168e044b5cd0a510d063a7a5c604043754daf15754da1a60d28754dc10ab2e7e02d0ed5bd45aa200bd626076bf5b68181c738d07055e4436930c88c561519ae3fdd4d073a14edb86a14095ad15fe463f23cf8710eddc151eb7e80044d540d46ce1e164376bfc61138a2c2b0a003759b804fadd1b7db612756fdbd41d1a0492fe72b8d6aae267e0541e77d197349f1a0f39a3aca199f2ee00803c97d3ee1866ef2bd9b9f68c863ea681ce0429773191a193a87a9a371800d6d6e6a07ba416977ec4b3d0cb1a14ddadfcd761dd40168b0dd825a6a6ef492d36c43b9bc0b5d802661ac0ffd0b75033a20af0d27870bd001fb4d77e5208133d0016dea4de88439044dca5ad3bac15c820e884e83d5738695a1afbadcc964ee3ad79b39fb1973ed6017ec2c5b779dec374ed9ce9a5dc821a34e42072cfca0f2be1356c0176d27e798d0af70f08614f2455b4a9426ec47390cf6f10bcab14d83cb69f46ef541139d7c413a6b6a7849ff19be3f8d7974d5697d7b28f093ff0320ca02f03c51b9db0000000049454e44ae426082, '€'),
(2, 'Libra', 0x89504e470d0a1a0a0000000d4948445200000398000002580403000000f579548e0000000f504c5445e6e6e6ffffff000000595959a8a8a894071d5b000012cc4944415478daecdd0b769bc8168561a36400bc0620210d20200fc0c29eff98ae65599d3837a6764115d429fdac5edd77f74a8773fd8547d529e0a9ba6de5d36d235a8efc24c024824904930826984430896012c124820926114c2298443089f7f8be159fff8a6838820926114c22984430c124824904930826114c30896012c18c10cbeacb56806937963fdf5ecfefdb70fddbf9f9ede5469a2566b6fdbdebbf793b77ffdcce2ff75f4f73da446c5fbbc9ed0a5a826920960ec9db767ca9c04c3d4a92b7edb90033dde84579dd4e0598a9febff1a4fc38db1660a6178bea47376b7bbedfe083994aacdaa19bbbfdaac04c6a60f9da2dd88e45096632b11cba65dbf5e0043389f8a35bbc9daa12cc14e2d805d88e0598dbc7c5a7d8fb760173ebd876c1b61ecc4d63d5745d604dcb7fb46d37f4765dd0ed54d19cde2c06b6ecba7d05e64671ecbaf09a606e122358deef82c05c3946b1fcad09e68ab1ee226d1730d78ed12cbbae0073d55834f12cbb23986bc6a2ed626e2730578c6517773b80b95aac86c898d79b20305789c5d845dfc05c2746bdf9f9635e0fcc1562dbadb1f52598f163fc0be6e768d318a6c97ee66e1dcbdbf884e674ccb8ca05d3e4c203839865b7de0666dcb8c6a8e48f3b5a3023c6154fb2f7fe0998b162b9aae5c78c3b9891e2aa27d9cf7b2030e3c4954fb2b74313cc3871ade9822fed1330e33c4e5b77eb6f60c689e50696dd01cc1871f5bb9fcf4313cc08b1ddc4f2bf4313cc807183bb9f2fdd133003c67a23cb6e5fda69291969d955dd661bcde9d06b2bebed300f60da5a5be93e34c10c158bdd96983d9821e3a607e6ed710530432d94ddf4c0bcf535c10c14b73d306f6bbbc00cb4eab9de18b32bc00c15b73e303f4627600689db1f98d75b2030c3602e73389f9f9fdfcee7f3c2f32c9841e2dc03f3f8fc72ff3d3eb79faff3cfb3608688c5ac76c9ed4b177fff5695f89d8c7f9c67c10c11e7ace2faf5fd90b59af702f00b9821e2389bf2bb975bcc79abe921794c0b3d3aef71c9b3b002a5fa396b4a8fe6f4c2874b3c67f26e2f74762fc1f53ee02f602ec79c7586157e67df17bb1fc05c1ceb39878ff43bfbde0881b9347aadaf3c165e5f4028fcd6885dc05c185baf7b14ef4f620edee75930e73ff6557b8eeb7d7734f89e67c19c8fe93b47e3bd23dff32c98b363e33bdfe6bda3d2f33c0be6ec0732f541e6ec75e78ddf7916ccd998fa29b09cbda39dd77916ccb9513e6afa253b1a7cceb360ce7dba561d64ee17eda8f5999f057366acf41ff2921de9cf2481393f36fab56cd18ee4136d9f788729e51e9d7896dd974b77a49e68dff744737a66f478507de17ed53b5a30e746f12cdb87d8af3c9a0533e667684e6588fd8af740073067469f95568bf7ab5e34c19c155b8f0373f97eb543f308e6bc58fbccc92edeaf38e10ee6bcaf7d0deab024cc7eb51bda1ecc59983e076680fd6a67f5039873a234303905dcefa8ed10cc19b1d626f2c2edb751a767c1f48dd22533ec639360c68aa538f11d70bfb5b84b307d63231e2601f72bdd021dc0f48ed2ea9f43b5fe83a0fb643113ee670ee2b824e47e6b690e88e6b477547fae41f7ab75c1c0f48c8dd4c208bddf419ed807d3232a67bc2af87e95bdf660fac651ed9704dd6fa99e0fc0f489f2211276bf833cb50fa61c4bf94e24ec7e6bf976164c3936ea5976fdfd7660863f420e5b9dde0b30fde2a8fe4c37b8f1ba80e917379b89914f0960061c221ce294d182193a36f244cc06d388fb12ccc03331b1ca18c5133c986a1cd58149f832d43f4769fee812ec670a8dc568abe484333ccd692f4ce192196ded91f28a6f30f528dc52961b2e24bb80e9111be126241aa67bbdca014c8f580b63bd0dd7eb82e9b3b06a27b4bfa295d182b9f22ab94bbc32dc774027303d30377db780fb8fd211cc9098c79898a334d004538bad323d1aaf8c1acc80b1511a17f1ca68c00c186ba56512af8c569a3500331466dc32a427c1c0d4e2a8f42d22963180192e0e4a47316219a3326b901e66924d39f7696e1fb78c5ab8ffa2391d0af3b031e61e4c3398ceb1c975990398526ca5bbc98865b4ca351b4c29ba07ed45dc320a3083456d3a6d4bcc0e4c3b980398ab611e63638e60068aee7506a7d865d4c274229812e6983ee6054c117350869951cb68c0cc07d339d0ecc11431bbcd319fc05c0db38f5d4621ccb4830966e4985c3f739d4f0c4dc6c17da2a739ad44f723f097e8658c608689ad01cc3d98a130e3975183f938982730b5d8280d2830c15463e3eedb80a9c41a4c3043c616cc7c309d635d30ed6056608209269860820966be982936e5b465b371cb702e5da1399d116601a61dccd1d98503134c30c1cc17b3885fc60ecc95302f6082e9115d45f46006c2ecc10413cc04310f608209269860c6c4dc83990fe609ccefa2bd7ee6c767f2e296513bcff434a7c36076f131af7b78fbf972fdebfe43fa120b30ed6056d5fbdf8bf2fad7d3e73fbf44968d68b14903d35cb48a7941cf08a6f0bdc51e3d2398e297e0d1b3805981f95098d7d76aa39709e6114c2b9883343641cf04e608663e98b534d0442f17cc037a60668d9964534e98cf3b25d748a439fd4d14c626e819c1143e06dfa1670553186816e819c114069a3d7a46ae99caed2c7a4630a5db59f46c60b6ca1d107a36302b301f0bb347cf08a6703b7b40cf0866ad2d3600d302a6703bdba1670453b96816e8e583d9a3f78f98608f4e99d03bd0cfb4d09caea409bd239846301ba90b06a6094ca13f7d7bb51398e9632afde90398463047691d1098264eb3b57cd1043379cc56be6882993ca67ed104337dcc41bd6882993ca63e6d0066fa98cab44101a60dcc52bd6882993ea67cd104337d4ce72befef234d30ef9809f7e8948be68506a681e6f475532e9a601ac1142e9afb124c1b983b6d55179816306b6d55179816304beda209a6054ce50ee8fda209a609cc5aba6882990de6054c1b98da45134c1398ca48f3548269e3c8942e9a60dac06cf4d5b360a65ea0c7ea593093c71cf4474ec04cb99f798de28c1efdccd49bd3d7d88a6d30300d602a337a9f2f37003379cc516b8381690153b968f660dac02cb5ce099816309519bd0e4c2398b5b8460f4c03988d3a3801337d4c6570b2c2f7c4c10c12477112084c0398eae0044c0398a5380904a6014ce5a2c947fbac608a8313302df4e81aad434d3fd342bdca72033e0d660553199c8069a45e697002a68d7aa5ce099836ea559675f1cd1a2bf54a8313306dd42b2deb02d348bd6ae7044c03f54aaf0402d346bd8dbcac0bccf4ebd597cf82994a45df6eda24d0ec0dccc0f1c7796253469ae7b9db3398a1a3729313673be674d64da329b7216649733af0874cc0cc68a5019860820926985c33c1e4c804134c30c1e49a092647269860820926d74c3039322b9e02a39f49731a4c30c104134c30c104134c30c104134c30c104134c30c104134c30c1043381483f93e6342b0dc0e4c804134c30c1e49a09264726989f7104331fcc4adcdc3895eff60466b25fc6b00cf26098ee9722f6609a29df897900d34cf9830b730fa699f26bf7dd299856ca77bfb1fd51310db6ec0a696c92518bd260735ac7744e2f5cc03453bef3a27900d34cf92d98f9603a479a2730ed94efba681ec1b4537e2ddcce8269243a2f9a05984fd97cb3a607d34e1cdcb7b3605a8935988f837902d34e6cdd631330cd44f7d8044c337100f39b68af83e75c317da1396da7fcdab9a60b4c33e5b7ce355d609a29dfb5da605f82990de6094c4398e3633c3ef21098ce3b2030c104738be87ae284bb5943e5bbc6261730ed94efba9dedc1cc07f300a621cc11cc6c305defb300d352f9b57b1df4c3619aede0b930694e1b8a8df0c02d9846620b663e98a5f0f43498562298608209269851e300663e988ef9bc02cc7c302f601a8a3b30f3c1acc104134c30c10473f568b383e7c2a4390d2698608209269812260bbac0043345cc0a4c30c104134c30c154308f60e6837902134c3013c4e4293053e5efc0fc1bd36e076f1ab367a9653eabf3c0cc08b300339f15ed15986082b949744c0081990de61ecc7c300f60e6f3183c984ff9bca0e202663eaf8ea9c0cce7a54e60e683c987dd6c95bfe3938bf9600e60fe335aece015aee7f9684ee782598269aa7cd75b10c1cce4531827304d955f4f7fa30f4c43e54f7f0db507d314e6e07a6f1e98797c72f108a6a9f2cbe92fa18269a9fcc675ff0366261f10bf8069a9fce98f4795609ac2747f9f064c33e53b2f99609a29bf71bf02f111316d76f06af7db0c684e5b89a3fb996930ad44c72a03300d95df0a6f4004d348142e99605a89bbc94786c03455be70c904d3486c955793826923d693bd4c302d953f39cb7e7802d314e6f45c1e9896ca6fa6db5f601a2a7f7261de1e4c5b98c3f4224b300d95df3a16193c30a6bd0e5eed98fe79a006a6fde6f4d4c0a407d356f9ae497630ed94dfb8fad260da297fe79a6407d34ef9ce56269866ca779e65c1b453fece712f0ba6a1f2dd0b46c0b452affb2c0ba6997add675930cdd42b2ccb03d348bdb5b0920b4c23f58e7cfe3d1f4c3e985965f314d8e459f6511b98469bd393af252dc034556f3b39c804d354bdf5e420134c53f5f286fd7c306bdee39d0fe638fdb81098997c2fea5881f994cb874c7a306d61bae6d8c1b4536fe39a6307d34ebda3eb696930cdd4db3a97188069a6dedab9c4004c33f5f2b23c311a68d909cdaf076c60da6c4e4fbec6a07802d31266e3fa5602986630275f16737902d312e6f4b8044c5398d34b9fc13485393d2e01d312a6a32b0da6254cc7840198863079574c4698aeb7cb82690793d78b648439b8fa25609ac16c9d0f0b81690673e48d143266ea3d3ad73b2c6960da694e4fbf8f7d0af3af0dcced632b3432bffcb7d7fff1f3f5fc79d7747e7e013395387960de1b99bfffdbf7bfbdfeffcdeff9ad0859d509cc795139307f9f57ff25f979dbfb5c54812eb06307e6bc47a577ce4f4bfffec5edd480f4ddf3e5e3c66f6955f5c77be0c19c1127bf60f2e5173b283fb6e7e577efed1f7f8ac0f48a3bf5b9f752a0fce45c56d51f232230bde2e481d9fff18b5f3b797b5e54d570ffde0698be71373d93773f40dace6bfb35bfaaf17fed9d5b76ea201440c57600a00ec0241d40b519404d9dff986e356a7d24bc02de43bbf9db6b29c5ec72c29b9b66343203d05131fb0fdb4fed1a3dcb2ba6543f7f0999c138f7d82a1d5a2d4fdf5626bc5457e5d9203310b5ebfedac328c14b1d97dae06ee7f59feae32c32fdb1736f958e08b197f419f6f36fff6d9019dea3731d47baad27a46667fc4b7517f37772876a25ced1297bc53c7e7692cb435755c51e275e31391d82f68af9fd6fa8743d3db5279dae5275434b1c90e989d64b320f1553adea24a935c655aaa110a090e98f4b47c54ce5f2543b6da51a7c7b57c8f4467bc554295df63a474ba5867b3f0d32bdd15131d3babcd2f950aad1d918854c5fb43e7993a4ed3330ddf9500ca3bf4adab02453e6c2dec7d4db3a476a2fab4b944be5712d3d32bdd05e314d1e97c7e5429f1e6b50c4ee0b1529d35131bb3a6b6a3ebe93fb6315327dd0fe46b44ea63c31bd21d307adb6aa652d2421d303eddd8e95149797457ac88cdc2954575b3132e51d26254fa63d8cca717959a42748a6b4493923499723ce32396d47b528c6e5f1700c645a50d7052564c66f2e119776c8b4e1aa2497a79548c81cc16d51326b645a705996cb3ece2233e25245a971169923d89525b341a6051785554d854c4bd7a4c0388bcc319c971767913986cbf2e22c3247c766cb8bb3c8fc0d03eda7457aec021bc555697196c9690b1636a25721d382a5c5598d4c0b1616679119bda04be0e211645ab0b038bb46a60d0b6bce22337a45bbb88ac93b33fa561a798b0de89ac4df1725ad9ba99139614b9fb48a894c3b9633a4b7d1c87461e090de87dff6d80cd3999a8d434ef48eb3cdfe9cc171e260ff64a53b7681b9d16f9342b31bfaeefe7923f5fda63e7681d951790ce9b5974fdf7ed7580f0949dbfa6111b40f3ae3ecbb3dab97a7b47e90e987ce5ae9ca2a7f8bf8cd20d30fe71eef4ac7aacddcc15621d31397ae6ae9ce2ad7415e97b11f64fae27877c0bbd1967541516338a3dd1b1763cf500764a5f2554ec581fbfeb81a09b16159a95cedda8d4666006e073b03e15dd62ca1f64de6a3132b7320ceee7454565d8e17263243f071484fc566953cd4ee66c80cc3eea15f179d55e276d046233310170f7df40939a7ac9c6b3d4366283e8cb74cca39d99b736d66c80cc6f9fdd8d9a49c5355ce46e4b3fa4171f3993d2eefdbb112d6ca3746e4b3123c397dbaa0ebbe4f3239e7e90da1c6cc901925737edb7a4c91f3cbf4513c6446e169f026e93d059366c61aa5911989fd8d6089af8319bd10cabbed83cc285cd419ae5053e635766981e467255ea6aeb3dc54193797b23633644ec1ae5f35953e8087bf3a370699d37051e5fb435f614d1f834cd1e8aff3bd885ff4a765fa763b1b659059009a576747e5bcb21399e2513976337cabd40a99c5a031abaf91fad91e67c49159121ee8613b60d39e9f4f313205cf673e178f2fd0fd479fdafdcc14f8709079859766913145fe0464fe22e44920134426884c1099c804910922134426884c6482c804ff0ffef9f9cc5f82c84426884c10992032910922134426884c1099c80491092213442678c07fa3997432f584a6d90000000049454e44ae426082, '£');

-- --------------------------------------------------------

--
-- Estructura de tabla para la tabla `Movimientos`
--

CREATE TABLE `Movimientos` (
  `id_movimiento` int(11) NOT NULL,
  `id_cuenta` int(11) NOT NULL,
  `id_usuario` int(11) NOT NULL,
  `tipo_movimiento` text NOT NULL,
  `id_categoria` int(11) NOT NULL,
  `cantidad` double NOT NULL,
  `fecha` date NOT NULL,
  `descripcion` text DEFAULT NULL
) ENGINE=InnoDB DEFAULT CHARSET=utf8 COLLATE=utf8_unicode_ci;

--
-- Volcado de datos para la tabla `Movimientos`
--

INSERT INTO `Movimientos` (`id_movimiento`, `id_cuenta`, `id_usuario`, `tipo_movimiento`, `id_categoria`, `cantidad`, `fecha`, `descripcion`) VALUES
(12, 24, 1, 'Ingreso', 4, 122, '2024-05-19', ''),
(13, 24, 1, 'Gasto', 1, 178, '2024-05-19', ''),
(14, 37, 1, 'Ingreso', 3, 34, '2024-05-20', ''),
(15, 37, 1, 'Gasto', 1, 23, '2024-05-20', 'jjjj'),
(16, 20, 1, 'Gasto', 2, 56, '2024-05-20', ''),
(17, 11, 1, 'Gasto', 1, 234, '2024-05-20', ''),
(18, 13, 1, 'Gasto', 1, 43, '2024-05-20', ''),
(20, 1, 1, 'Ingreso', 4, 23, '2024-04-01', ''),
(21, 1, 1, 'Ingreso', 3, 45, '2024-04-01', ''),
(24, 3, 1, 'Ingreso', 3, 222, '2024-05-28', 'gghh'),
(25, 3, 1, 'Gasto', 1, 123, '2024-05-28', 'fffdcc'),
(29, 11, 1, 'Ingreso', 3, 12, '2024-05-28', ''),
(30, 20, 1, 'Ingreso', 3, 12, '2024-05-28', ''),
(31, 38, 13, 'Gasto', 2, 10000, '2024-05-29', 'Me huele el pito'),
(32, 3, 1, 'Ingreso', 4, 12, '2024-05-30', ''),
(35, 1, 1, 'Gasto', 1, 23, '2024-05-30', 'ggg'),
(38, 1, 1, 'Ingreso', 4, 123.8, '2024-05-30', 'fdddd'),
(41, 1, 1, 'Gasto', 2, 12, '2024-05-30', ''),
(44, 42, 24, 'Gasto', 1, 12.5, '2024-05-31', 'Desc'),
(45, 42, 24, 'Gasto', 1, 34.3, '2024-05-29', ''),
(46, 42, 24, 'Gasto', 1, 12.6, '2024-05-31', ''),
(48, 4, 1, 'Ingreso', 3, 12.08, '2024-06-01', 'ffff'),
(50, 4, 1, 'Gasto', 1, 12, '2024-05-31', 'Des'),
(51, 44, 25, 'Ingreso', 4, 34.86, '2024-05-31', 'fff4'),
(52, 44, 25, 'Ingreso', 3, 56, '2024-05-30', 'fff'),
(54, 4, 1, 'Ingreso', 9, 67, '2024-05-31', ''),
(55, 1, 1, 'Ingreso', 3, 12, '2024-06-02', '');

-- --------------------------------------------------------

--
-- Estructura de tabla para la tabla `Transacciones`
--

CREATE TABLE `Transacciones` (
  `id_transaccion` int(11) NOT NULL,
  `id_usuario` int(11) NOT NULL,
  `id_cuenta_origen` int(11) DEFAULT NULL,
  `id_cuenta_destino` int(11) DEFAULT NULL,
  `descripcion` text DEFAULT NULL,
  `fecha` date NOT NULL DEFAULT current_timestamp()
) ENGINE=InnoDB DEFAULT CHARSET=utf8 COLLATE=utf8_unicode_ci;

-- --------------------------------------------------------

--
-- Estructura de tabla para la tabla `Usuarios`
--

CREATE TABLE `Usuarios` (
  `id_usuario` int(11) NOT NULL,
  `nombre` varchar(100) NOT NULL,
  `contrasena` varchar(50) NOT NULL
) ENGINE=InnoDB DEFAULT CHARSET=utf8 COLLATE=utf8_unicode_ci;

--
-- Volcado de datos para la tabla `Usuarios`
--

INSERT INTO `Usuarios` (`id_usuario`, `nombre`, `contrasena`) VALUES
(1, 'thh', '111'),
(2, 'Usuario1', '111'),
(3, 'thh1', '111'),
(4, 'thh2', '111'),
(5, 'ddd', '111'),
(6, 'ccccc', '222'),
(7, 'thh24', '111'),
(8, 'Juanito', '111'),
(9, 'Jub', '111'),
(10, 'www', '111'),
(11, 'dddddd', '111'),
(12, 'Nacho', '111'),
(13, 'pito', '111'),
(14, 'gpo', '111'),
(15, 'Sas', '111'),
(16, 'Mujama', '111'),
(17, 'df', '111'),
(18, 'ff', '111'),
(19, 'tttt', '111'),
(20, 'eg', '111'),
(21, 'ghh', '34'),
(22, 'ggg', '111'),
(23, 'RR', '111'),
(24, 'rrr', '111'),
(25, 'Jose', '111');

--
-- Índices para tablas volcadas
--

--
-- Indices de la tabla `Categorias`
--
ALTER TABLE `Categorias`
  ADD PRIMARY KEY (`id_categoria`);

--
-- Indices de la tabla `Cuentas`
--
ALTER TABLE `Cuentas`
  ADD PRIMARY KEY (`id_cuenta`),
  ADD KEY `id_usuario` (`id_usuario`),
  ADD KEY `divisa_id` (`divisa_id`);

--
-- Indices de la tabla `divisas`
--
ALTER TABLE `divisas`
  ADD PRIMARY KEY (`id`);

--
-- Indices de la tabla `Movimientos`
--
ALTER TABLE `Movimientos`
  ADD PRIMARY KEY (`id_movimiento`),
  ADD KEY `id_cuenta` (`id_cuenta`),
  ADD KEY `id_usuario` (`id_usuario`),
  ADD KEY `id_categoria` (`id_categoria`);

--
-- Indices de la tabla `Transacciones`
--
ALTER TABLE `Transacciones`
  ADD PRIMARY KEY (`id_transaccion`),
  ADD KEY `id_usuario` (`id_usuario`),
  ADD KEY `id_cuenta_origen` (`id_cuenta_origen`),
  ADD KEY `id_cuenta_destino` (`id_cuenta_destino`);

--
-- Indices de la tabla `Usuarios`
--
ALTER TABLE `Usuarios`
  ADD PRIMARY KEY (`id_usuario`),
  ADD UNIQUE KEY `nombre_unique` (`nombre`);

--
-- AUTO_INCREMENT de las tablas volcadas
--

--
-- AUTO_INCREMENT de la tabla `Categorias`
--
ALTER TABLE `Categorias`
  MODIFY `id_categoria` int(11) NOT NULL AUTO_INCREMENT, AUTO_INCREMENT=10;

--
-- AUTO_INCREMENT de la tabla `Cuentas`
--
ALTER TABLE `Cuentas`
  MODIFY `id_cuenta` int(11) NOT NULL AUTO_INCREMENT, AUTO_INCREMENT=46;

--
-- AUTO_INCREMENT de la tabla `divisas`
--
ALTER TABLE `divisas`
  MODIFY `id` int(11) NOT NULL AUTO_INCREMENT, AUTO_INCREMENT=3;

--
-- AUTO_INCREMENT de la tabla `Movimientos`
--
ALTER TABLE `Movimientos`
  MODIFY `id_movimiento` int(11) NOT NULL AUTO_INCREMENT, AUTO_INCREMENT=56;

--
-- AUTO_INCREMENT de la tabla `Transacciones`
--
ALTER TABLE `Transacciones`
  MODIFY `id_transaccion` int(11) NOT NULL AUTO_INCREMENT;

--
-- AUTO_INCREMENT de la tabla `Usuarios`
--
ALTER TABLE `Usuarios`
  MODIFY `id_usuario` int(11) NOT NULL AUTO_INCREMENT, AUTO_INCREMENT=26;

--
-- Restricciones para tablas volcadas
--

--
-- Filtros para la tabla `Cuentas`
--
ALTER TABLE `Cuentas`
  ADD CONSTRAINT `Cuentas_ibfk_1` FOREIGN KEY (`id_usuario`) REFERENCES `Usuarios` (`id_usuario`),
  ADD CONSTRAINT `Cuentas_ibfk_2` FOREIGN KEY (`divisa_id`) REFERENCES `divisas` (`id`);

--
-- Filtros para la tabla `Movimientos`
--
ALTER TABLE `Movimientos`
  ADD CONSTRAINT `Movimientos_ibfk_1` FOREIGN KEY (`id_cuenta`) REFERENCES `Cuentas` (`id_cuenta`),
  ADD CONSTRAINT `Movimientos_ibfk_2` FOREIGN KEY (`id_usuario`) REFERENCES `Usuarios` (`id_usuario`),
  ADD CONSTRAINT `Movimientos_ibfk_3` FOREIGN KEY (`id_categoria`) REFERENCES `Categorias` (`id_categoria`);

--
-- Filtros para la tabla `Transacciones`
--
ALTER TABLE `Transacciones`
  ADD CONSTRAINT `Transacciones_ibfk_1` FOREIGN KEY (`id_usuario`) REFERENCES `Usuarios` (`id_usuario`),
  ADD CONSTRAINT `Transacciones_ibfk_2` FOREIGN KEY (`id_cuenta_origen`) REFERENCES `Cuentas` (`id_cuenta`),
  ADD CONSTRAINT `Transacciones_ibfk_3` FOREIGN KEY (`id_cuenta_destino`) REFERENCES `Cuentas` (`id_cuenta`);
COMMIT;

/*!40101 SET CHARACTER_SET_CLIENT=@OLD_CHARACTER_SET_CLIENT */;
/*!40101 SET CHARACTER_SET_RESULTS=@OLD_CHARACTER_SET_RESULTS */;
/*!40101 SET COLLATION_CONNECTION=@OLD_COLLATION_CONNECTION */;
